,SERIES_NAME
0,Schwab Intermediate-Term U.S. Treasury ETF
1,State Farm Municipal Bond Fund
2,Dodge & Cox Global Bond Fund
3,Fidelity Floating Rate Central Fund
4,MML Dynamic Bond Fund
5,First Trust Managed Municipal Fund
6,BNY Mellon Dynamic Total Return Fund
7,Fidelity Strategic Real Return Fund
8,iShares ESG Aware USD Corporate Bond ETF
9,Six Circles Global Bond Fund
10,Green Century Balanced Fund
11,BrandywineGLOBAL-Global Income Opportunities Fund Inc
12,PIMCO ESG Income Fund
13,Multi-Sector Bond Portfolio
14,MassMutual Inflation-Protected and Income Fund
15,PIMCO RealEstateRealReturn Strategy Fund
16,AST Investment Grade Bond Portfolio
17,iShares MBS ETF
18,"BlackRock MuniVest Fund, Inc."
19,FlexShares iBoxx 5-Year Target Duration TIPS Index Fund
20,Brown Advisory Intermediate Income Fund
21,DoubleLine Emerging Markets Fixed Income Fund
22,Brown Advisory Maryland Bond Fund
23,Easterly Income Opportunity Fund
24,Fidelity Series International Developed Markets Bond Index Fund
25,Delaware Ivy VIP Balanced
26,PIMCO National Intermediate Municipal Bond Fund
27,BlackRock Managed Income Fund
28,AST J.P. Morgan Tactical Preservation Portfolio
29,NVIT Amundi Multi Sector Bond Fund
30,PIMCO Global Managed Asset Allocation Portfolio
31,"BlackRock Strategic Global Bond Fund, Inc."
32,International Bond Fund
33,Western Asset Intermediate Maturity New York Municipals Fund
34,Delaware Tax-Free Oregon Fund
35,Aquila Tax-Free Fund of Colorado
36,High Yield Bond Series
37,Goldman Sachs Bond Fund
38,AST Global Bond Portfolio
39,Goldman Sachs Global Core Fixed Income Fund
40,Delaware Ivy Global Bond Fund
41,Angel Oak Multi-Strategy Income Fund
42,Emerging Markets Debt Fund
43,Western Asset Corporate Bond Fund
44,Delaware Ivy High Income Opportunities Fund
45,MassMutual Short-Duration Bond Fund
46,NVIT DoubleLine Total Return Tactical Fund
47,Destra Flaherty & Crumrine Preferred Dividend and Income Fund
48,
49,Xtrackers Municipal Infrastructure Revenue Bond ETF
50,"BlackRock MuniHoldings Quality Fund II, Inc."
51,Fidelity Tax-Free Bond Fund
52,JPMorgan Global Bond Opportunities Fund
53,PSF PGIM Government Income Portfolio
54,iShares Core International Aggregate Bond ETF
55,PIMCO Emerging Markets Local Currency and Bond Fund
56,Fixed Income SHares: Series TE
57,Fidelity Advisor Multi-Asset Income Fund
58,BlackRock Taxable Municipal Bond Trust
59,AST Preservation Asset Allocation Portfolio
60,VP Balanced Fund
61,Palmer Square Income Plus Fund
62,BlackRock Pennsylvania Municipal Bond Fund
63,Fidelity Advisor High Income Advantage Fund
64,Navigator Tactical Investment Grade Bond Fund
65,"BlackRock Global Allocation Fund, Inc."
66,iShares 10+ Year Investment Grade Corporate Bond ETF
67,Fidelity SAI Tax-Free Bond Fund
68,Variable Portfolio - Managed Volatility Growth Fund
69,PGIM TIPS Fund
70,PIMCO REALPATH Blend 2030 Fund
71,Bond Market Index Account
72,Goldman Sachs Variable Insurance Trust Trend Driven Allocation Fund
73,PIMCO International Bond Fund (U.S. Dollar-Hedged)
74,iShares iBoxx $ High Yield Corporate Bond ETF
75,Touchstone Funds Group Trust-Touchstone Active Bond Fund
76,Western Asset Managed Municipals Fund
77,Pacific Funds Core Income
78,iShares Intermediate Government/Credit Bond ETF
79,T. Rowe Price International Bond Fund (USD Hedged)
80,AMG Beutel Goodman Core Plus Bond Fund
81,Fidelity International Credit Central Fund
82,Polen DDJ Opportunistic High Yield Fund
83,Schwab Treasury Inflation Protected Securities Index Fund
84,PIMCO CommoditiesPLUS Strategy Fund
85,Goldman Sachs Short Duration Bond Fund
86,Fidelity SAI Municipal Income Fund
87,Goldman Sachs Strategic Income Fund
88,PIMCO REALPATH Blend 2040 Fund
89,AMG GW&K Municipal Bond Fund
90,BlackRock Strategic Income Opportunities Portfolio
91,PGIM California Muni Income Fund
92,Fidelity Series 5+ Year Inflation-Protected Bond Index Fund
93,Sit U S Government Securities Fund Inc
94,Angel Oak Financial Strategies Income Term Trust
95,Strategic Advisers Core Income Fund
96,Touchstone Funds Group Trust-Touchstone Impact Bond Fund
97,Delaware Corporate Bond Fund
98,Goldman Sachs Short Duration Tax-Free Fund
99,Axonic Strategic Income Fund
100,iShares International Treasury Bond ETF
101,Guggenheim Active Allocation Fund
102,VY BrandyWineGLOBAL - Bond Portfolio
103,PIMCO Mortgage-Backed Securities Fund
104,Hartford Total Return Bond ETF
105,Brown Advisory Tax-Exempt Bond Fund
106,DoubleLine Selective Credit Fund
107,Fidelity Minnesota Municipal Income Fund
108,Bridge Builder Core Bond Fund
109,AST Balanced Asset Allocation Portfolio
110,First Trust/Dow Jones Dividend & Income Allocation Portfolio
111,Putnam Pennsylvania Tax Exempt Income Fund
112,Carillon Reams Core Bond Fund
113,Aquila Tax-Free Fund For Utah
114,Western Asset Global Corporate Defined Opportunity Fund Inc.
115,Western Asset Inflation-Linked Income Fund
116,Fidelity Capital and Income Fund
117,VIP Investment Grade Bond Portfolio II
118,Putnam VT Income Fund
119,Simplify Intermediate Term Treasury Futures Strategy ETF
120,Tax-Exempt Bond Fund
121,PIMCO Long Duration Credit Bond Portfolio
122,Fidelity High Income Central Fund
123,Western Asset SMASh Series C Fund
124,First Trust Managed Municipal ETF
125,American Beacon AHL Managed Futures Strategy Fund
126,Amplify BlackSwan Growth & Treasury Core ETF
127,iShares Aaa - A Rated Corporate Bond ETF
128,MassMutual Select T. Rowe Price Emerging Markets Bond Fund
129,EQ/Core Plus Bond Portfolio
130,AB High Income Municipal Portfolio
131,Goldman Sachs Government Income Fund
132,PIMCO Global Bond Opportunities Fund (U.S. Dollar-Hedged)
133,VOYA STRATEGIC INCOME OPPORTUNITIES FUND
134,AB Income Fund
135,iMGP DBI Managed Futures Strategy ETF
136,Bridge Builder Core Plus Bond Fund
137,PIMCO Diversified Income Fund
138,VIP High Income Portfolio
139,Western Asset Investment Grade Income Fund Inc.
140,iShares GNMA Bond ETF
141,Delaware Ivy High Income Fund
142,RiverNorth/DoubleLine Strategic Opportunity Fund Inc.
143,PGIM National Muni Fund
144,Morningstar Municipal Bond Fund
145,Credit Suisse Multialternative Strategy Fund
146,PMC Core Fixed Income Fund
147,Principal Street High Income Municipal Fund
148,"BlackRock MuniHoldings New York Quality Fund, Inc."
149,Fidelity Sustainability Bond Index Fund
150,Sterling Capital North Carolina Intermediate Tax-Free Fund
151,"BlackRock MuniHoldings New Jersey Quality Fund, Inc."
152,Putnam Strategic Intermediate Municipal Fund
153,Western Asset Core Plus Bond Fund
154,Advantage CoreAlpha Bond Master Portfolio
155,Transamerica JPMorgan Asset Allocation - Moderate Growth VP
156,RiverNorth Flexible Municipal Income Fund Inc.
157,Finisterre Emerging Markets Total Return Bond Fund
158,PIMCO Emerging Markets Bond Fund
159,Guggenheim Limited Duration Fund
160,TRIBUTARY SHORT-INTERMEDIATE BOND FUND
161,Dunham Long/Short Credit Fund
162,Putnam California Tax Exempt Income Fund
163,Franklin K2 Alternative Strategies Fund
164,Fidelity Municipal Bond Index Fund
165,ONEASCENT CORE PLUS BOND ETF
166,Delaware National High-Yield Municipal Bond Fund
167,PGIM High Yield Fund
168,PIMCO CommodityRealReturn Strategy Fund
169,Empower High Yield Bond Fund
170,"BlackRock MuniYield Quality Fund III, Inc."
171,AST Bond Portfolio 2031
172,Delaware Ivy VIP High Income
173,iShares ESG Advanced Total USD Bond Market ETF
174,Delaware Extended Duration Bond Fund
175,Variable Portfolio - Moderate Portfolio
176,PIMCO New York Municipal Bond Fund
177,AlphaCentric Income Opportunities Fund
178,NVIT Short Term Bond Fund
179,Columbia Variable Portfolio - Intermediate Bond Fund
180,Putnam Income Fund
181,iShares USD Green Bond ETF
182,Delaware Ivy Asset Strategy Fund
183,BrandywineGLOBAL - Global Unconstrained Bond Fund
184,Strategic Advisers Income Opportunities Fund
185,EQ/AB Dynamic Moderate Growth Portfolio
186,Global Bond Fund
187,RiverNorth Flexible Municipal Income Fund II Inc.
188,Saba Capital Income & Opportunities Fund
189,PIMCO Municipal Income Opportunities Active Exchange-Traded Fund
190,ON Risk Managed Balanced Portfolio
191,PIMCO REALPATH Blend 2035 Fund
192,Pro-Blend Extended Term Series
193,First Trust Preferred Securities and Income ETF
194,PIMCO Extended Duration Fund
195,Goldman Sachs Investment Grade Credit Fund
196,First Trust High Yield Opportunities 2027 Term Fund
197,JPMorgan Short-Intermediate Municipal Bond Fund
198,PIMCO Total Return Portfolio
199,JPMorgan Income Builder Fund
200,MassMutual Diversified Bond Fund
201,Baird Aggregate Bond Fund
202,Metropolitan West Low Duration Bond Fund
203,PIMCO REALPATH Blend 2025 Fund
204,iShares 7-10 Year Treasury Bond ETF
205,PGIM Global Total Return Fund
206,Wilmington Broad Market Bond Fund
207,JPMorgan Limited Duration Bond Fund
208,PGIM Absolute Return Bond Fund
209,"BlackRock MuniVest Fund II, Inc."
210,PIMCO Total Return Fund
211,Blackstone Strategic Credit Fund
212,Northern Bond Index Fund
213,Putnam Dynamic Asset Allocation Conservative Fund
214,iShares 5-10 Year Investment Grade Corporate Bond ETF
215,Goldman Sachs Variable Insurance Trust Core Fixed Income Fund
216,NVIT Core Bond Fund
217,Global Atlantic Goldman Sachs Core Fixed Income Portfolio
218,RiverNorth Managed Duration Municipal Income Fund II Inc.
219,JPMorgan New York Tax Free Bond Fund
220,California High-Yield Municipal Fund
221,BlackRock Systematic Multi-Strategy Fund
222,"BlackRock MuniYield New York Quality Fund, Inc."
223,Nationwide Bond Index Fund
224,Calvert Short Duration Income Fund
225,PIMCO All Asset All Authority Fund
226,PIMCO All Asset: Multi-Real Fund
227,Western Asset Municipal High Income Fund Inc.
228,JPMorgan Global Active Allocation Portfolio
229,JPMorgan Sustainable Municipal Income Fund
230,iShares California Muni Bond ETF
231,Fidelity Focused High Income Fund
232,AST T. Rowe Price Fixed Income Central Portfolio
233,Xtrackers Low Beta High Yield Bond ETF
234,Principal Active High Yield ETF
235,BlackRock Core Bond Trust
236,Core Plus Bond Account
237,PGIM Total Return Bond Fund
238,FlexShares High Yield Value - Scored Bond Index Fund
239,MassMutual Select T. Rowe Price Bond Asset Fund
240,DoubleLine Flexible Income Fund
241,Flat Rock Core Income Fund
242,BlackRock Tactical Opportunities Fund
243,ON Bond Portfolio
244,BlackRock National Municipal Fund
245,JPMorgan Core Bond Trust
246,PIMCO Intermediate Municipal Bond Active Exchange-Traded Fund
247,Fidelity SAI U.S. Treasury Bond Index Fund
248,Western Asset Macro Opportunities Fund
249,First Trust High Income Long/Short Fund
250,Touchstone Strategic Trust-Touchstone Flexible Income Fund
251,Voya High Yield Portfolio
252,EQ/Intermediate Government Bond Portfolio
253,iShares Broad USD High Yield Corporate Bond ETF
254,Western Asset Emerging Markets Debt Fund Inc.
255,AlphaSimplex Managed Futures Strategy Fund
256,PIMCO Long-Term Real Return Fund
257,Goldman Sachs Emerging Markets Debt Fund
258,Government Bond Fund
259,EQ/PIMCO Total Return ESG Portfolio
260,Fidelity Intermediate Government Income Fund
261,ALPS | Smith Total Return Bond Fund
262,Steward Select Bond Fund
263,Doubleline Shiller Enhanced CAPE
264,Putnam New Jersey Tax Exempt Income Fund
265,Timothy Plan High Yield Bond Fund
266,Fidelity International Bond Index Fund
267,Fidelity New York Municipal Income Fund
268,NVIT BNY Mellon Core Plus Bond Fund
269,MassMutual Emerging Markets Debt Blended Total Return Fund
270,1919 Socially Responsive Balanced Fund
271,Putnam Diversified Income Trust
272,PIMCO High Yield Fund
273,JPMorgan U.S. Aggregate Bond ETF
274,BlackRock Credit Allocation Income Trust
275,JPMorgan Unconstrained Debt Fund
276,Penn Series Flexibly Managed Fund
277,PIMCO Income Fund
278,High Income Fund
279,Putnam Minnesota Tax Exempt Income Fund
280,IQ MacKay Municipal Intermediate ETF
281,AST Target Maturity Central Portfolio
282,Fidelity Series Investment Grade Securitized Fund
283,Fidelity U.S. Bond Index Fund
284,Fidelity Advisor Limited Term Bond Fund
285,Western Asset Intermediate Muni Fund Inc.
286,American Funds Strategic Bond Fund
287,PIMCO Low Duration Income Fund
288,Northern California Tax-Exempt Fund
289,AMG GW&K Core Bond ESG Fund
290,PIMCO International Bond Portfolio (U.S. Dollar-Hedged)
291,Fidelity SAI Long-Term Treasury Bond Index Fund
292,BrandywineGLOBAL - Flexible Bond Fund
293,Western Asset Intermediate Bond Fund
294,Lord Abbett High Yield Fund
295,AST BlackRock Global Strategies Portfolio
296,Fidelity Intermediate Municipal Income Fund
297,EQ/PIMCO Real Return Portfolio
298,Morningstar Total Return Bond Fund
299,BlackRock High Yield Bond Portfolio
300,Nationwide Amundi Strategic Income Fund
301,Baird Short-Term Municipal Bond Fund
302,AST Prudential Growth Allocation Portfolio
303,BlackRock California Municipal Opportunities Fund
304,Colorado BondShares A Tax Exempt Fund
305,iShares 10-20 Year Treasury Bond ETF
306,JPMorgan Tax Aware Real Return Fund
307,BlackRock Income Fund
308,Delaware Wealth Builder Fund
309,VY(R) BLACKROCK INFLATION PROTECTED BOND PORTFOLIO
310,Carillon Reams Core Plus Bond Fund
311,Delaware Ivy VIP Asset Strategy
312,Schwab U.S. TIPS ETF
313,Delaware Ivy Strategic Income Fund
314,Western Asset Intermediate Maturity California Municipals Fund
315,Western Asset Pennsylvania Municipals Fund
316,DoubleLine Opportunistic Credit Fund
317,PIMCO Municipal Bond Fund
318,Schwab California Tax-Free Bond Fund
319,PIMCO Long-Term U.S. Government Fund
320,Putnam Mortgage Securities Fund
321,iShares National Muni Bond ETF
322,Sterling Capital Quality Income Fund
323,Insight Select Income Fund
324,Aquila Tax-Free Trust of Arizona
325,PGIM Muni High Income Fund
326,WESTWOOD INCOME OPPORTUNITY FUND
327,Delaware Ivy Balanced Fund
328,Brown Advisory Total Return Fund
329,Strategic Allocation: Conservative Fund
330,BrandywineGLOBAL - CORPORATE CREDIT FUND
331,Putnam VT Diversified Income Fund
332,Touchstone Strategic Trust-Touchstone Balanced Fund
333,RPAR Risk Parity ETF
334,EQ/Quality Bond PLUS Portfolio
335,GMO Implementation Fund
336,"BlackRock MuniYield Quality Fund II, Inc."
337,XAI Octagon Floating Rate & Alternative Income Term Trust
338,Delaware High-Yield Opportunities Fund
339,First Trust TCW Opportunistic Fixed Income ETF
340,INV CORP MID TERM BOND
341,Sterling Capital Total Return Bond Fund
342,Flaherty & Crumrine Dynamic Preferred and Income Fund Incorporated
343,Fidelity Corporate Bond Fund
344,Goldman Sachs Dynamic Municipal Income Fund
345,AST Core Fixed Income Portfolio
346,Putnam Dynamic Asset Allocation Balanced Fund
347,AST Multi-Sector Fixed Income Portfolio
348,VIP Investment Grade Bond Portfolio
349,"BlackRock Municipal Income Fund, Inc."
350,First Trust Municipal High Income ETF
351,Fidelity Pennsylvania Municipal Income Fund
352,DoubleLine Low Duration Bond Fund
353,Schwab Municipal Bond ETF
354,Wilmington Municipal Bond Fund
355,Western Asset Mortgage Opportunity Fund Inc.
356,Inflation-Adjusted Bond Fund
357,Catalyst Enhanced Income Strategy Fund
358,Putnam Master Intermediate Income Trust
359,1290 VT DoubleLine Opportunistic Bond Portfolio
360,Brown Advisory Sustainable Bond Fund
361,Master Total Return Portfolio
362,Baird Quality Intermediate Municipal Bond Fund
363,Payden Emerging Markets Corporate Bond Fund
364,FlexShares Credit-Scored US Corporate Bond Index Fund
365,VP Inflation Protection Fund
366,iShares New York Muni Bond ETF
367,Putnam Municipal Opportunities Trust
368,Fidelity Total Bond ETF
369,Metropolitan West Total Return Bond Fund
370,Fidelity Series Corporate Bond Fund
371,JOHNSON FIXED INCOME FUND
372,WesMark Government Bond Fund
373,PIMCO Global Advantage Strategy Bond Fund
374,Goldman Sachs Access Inflation Protected USD Bond ETF
375,Northern High Yield Fixed Income Fund
376,Western Asset New York Municipals Fund
377,Metropolitan West Intermediate Bond Fund
378,Cambria Tail Risk ETF
379,Northern Tax-Exempt Fund
380,Fidelity Series Emerging Markets Debt Fund
381,Wilshire Income Opportunities Fund
382,PIMCO REALPATH Blend Income Fund
383,Putnam Multi-Asset Absolute Return Fund
384,Metropolitan West Unconstrained Bond Fund
385,Aspiriant Risk-Managed Municipal Bond Fund
386,Delaware Tax-Free Colorado Fund
387,JPMorgan National Municipal Income Fund
388,Delaware Investments National Municipal Income Fund
389,SBH COLORADO TAX FREE FUND
390,Delaware Tax-Free Minnesota Fund
391,Multi-Manager Total Return Bond Strategies Fund
392,Putnam Global Income Trust
393,BlackRock Municipal Income Quality Trust
394,PIA BBB Bond Fund
395,Old Westbury Fixed Income Fund
396,Schwab 5-10 Year Corporate Bond ETF
397,Goldman Sachs Access Investment Grade Corporate Bond ETF
398,Inspire Corporate Bond ESG ETF
399,Fidelity Government Income Fund
400,BlackRock Bond Income Portfolio
401,MassMutual Core Bond Fund
402,BlackRock Sustainable Balanced Portfolio
403,Old Westbury Credit Income Fund
404,RiverNorth/DoubleLine Strategic Income Fund
405,PIMCO Emerging Markets Bond Portfolio
406,iShares Fallen Angels USD Bond ETF
407,Fidelity Series Government Bond Index Fund
408,PIMCO REALPATH Blend 2045 Fund
409,iShares iBonds Dec 2031 Term Corporate ETF
410,Delaware Strategic Income Fund
411,Fidelity Flex U.S. Bond Index Fund
412,Fidelity SAI Municipal Bond Index Fund
413,"BlackRock Income Trust, Inc."
414,Short Duration Portfolio
415,Northern California Intermediate Tax-Exempt Fund
416,Core Plus Bond Fund
417,EQ/Goldman Sachs Moderate Growth Allocation Portfolio
418,Empower U.S. Government Securities Fund
419,Vident Core U.S. Bond Strategy ETF
420,Goldman Sachs Municipal Income Completion Fund
421,Fidelity Emerging Markets Debt Central Fund
422,Pacer Trendpilot US Bond ETF
423,THE HARTFORD STRATEGIC INCOME FUND
424,Western Asset SMASh Series Core Completion Fund
425,Fidelity Series Investment Grade Bond Fund
426,Pacific Capital Tax-Free Securities Fund
427,Voya Global Bond Fund
428,iShares U.S. Securitized Bond Index Fund
429,BrandywineGLOBAL - Global Opportunities Bond Fund
430,"T. Rowe Price New Income Fund, Inc."
431,JPMorgan Diversified Fund
432,Payden Emerging Markets Bond Fund
433,Spectrum Preferred and Capital Securities Income Fund
434,BlackRock New York Municipal Opportunities Fund
435,Empower Inflation-Protected Securities Fund
436,PSF PGIM Flexible Managed Portfolio
437,MEDIUM-DURATION BOND FUND
438,T. Rowe Price Dynamic Global Bond Fund
439,JPMorgan Preferred and Income Securities Fund
440,PIMCO Real Return Fund
441,Schwab Long-Term U.S. Treasury ETF
442,First Trust TCW Unconstrained Plus Bond ETF
443,Fidelity Intermediate Bond Fund
444,Touchstone Strategic Trust-Touchstone Strategic Income Opportunities Fund
445,PIMCO U.S. Government and Short-Term Investments Portfolio
446,Barings Global Short Duration High Yield Fund
447,Fixed Income SHares: Series C
448,FlexShares iBoxx 3-Year Target Duration TIPS Index Fund
449,iShares Municipal Bond Index Fund
450,Core Bond Series
451,BlackRock Low Duration Bond Portfolio
452,Baird Municipal Bond Fund
453,VANGUARD SHORT-TERM INVESTMENT-GRADE FUND
454,Brookfield Real Assets Income Fund Inc.
455,Guggenheim Macro Opportunities Fund
456,Fidelity GNMA Fund
457,Goldman Sachs Income Builder Fund
458,Core Fixed Income Fund
459,PIMCO All Asset Portfolio
460,PIMCO Dynamic Bond Fund
461,Nationwide BNY Mellon Core Plus Bond ESG Fund
462,Western Asset Municipal High Income Fund
463,iShares J.P. Morgan EM Local Currency Bond ETF
464,Western Asset Income Fund
465,Delaware Tax-Free Arizona Fund
466,Timothy Plan Fixed Income Fund
467,First Trust Institutional Preferred Securities and Income ETF
468,Blackstone Long-Short Credit Income Fund
469,Northern Core Bond Fund
470,Fidelity Flex Municipal Income Fund
471,"T. Rowe Price Short-Term Bond Fund, Inc."
472,Western Asset Oregon Municipals Fund
473,Northern High Yield Municipal Fund
474,AlphaSimplex Global Alternatives Fund
475,Western Asset New Jersey Municipals Fund
476,JPMorgan Core Plus Bond ETF
477,BlackRock High Yield V.I. Fund
478,"BlackRock MuniHoldings California Quality Fund, Inc."
479,VOYA GNMA INCOME FUND
480,Series E (Total Return Bond Series)
481,CARILLON CHARTWELL INCOME FUND
482,Western Asset Inflation Indexed Plus Bond Fund
483,Sit Minnesota Tax-Free Income Fund
484,PIMCO Income Portfolio
485,Schwab Tax-Free Bond Fund
486,PIMCO All Asset: Multi-RAE PLUS Fund
487,BrandywineGLOBAL - HIGH YIELD FUND
488,Fidelity Maryland Municipal Income Fund
489,BlackRock MuniYield Pennsylvania Quality Fund
490,Delaware Ivy Core Bond Fund
491,LVIP PIMCO Low Duration Bond Fund
492,Intermediate-Term Tax-Free Bond Fund
493,BlackRock Capital Allocation Trust
494,Delaware Tax-Free Idaho Fund
495,JPMorgan Corporate Bond Fund
496,BlackRock Inflation Protected Bond Portfolio
497,Domini Impact Bond Fund
498,AQR Managed Futures Strategy HV Fund
499,JPMorgan International Bond Opportunities ETF
500,ALPS | Smith Credit Opportunities Fund
501,Western Asset Premier Bond Fund
502,Payden Strategic Income Fund
503,Dodge & Cox Income Fund
504,Putnam Tax Exempt Income Fund
505,Goldman Sachs Core Fixed Income Fund
506,PIMCO StocksPLUS International Fund (U.S. Dollar-Hedged)
507,American Century Diversified Corporate Bond ETF
508,Baird Core Plus Bond Fund
509,Diversified Tax Exempt Series
510,JPMorgan USD Emerging Markets Sovereign Bond ETF
511,Delaware Tax-Free California Fund
512,Putnam Ohio Tax Exempt Income Fund
513,Fidelity Investment Grade Bond Fund
514,First Trust Low Duration Opportunities ETF
515,First Trust TCW Securitized Plus ETF
516,Fidelity Education Income Fund
517,Payden Absolute Return Bond Fund
518,BlackRock Diversified Fixed Income Fund
519,Performance Trust Municipal Bond Fund
520,VOYA INVESTMENT GRADE CREDIT FUND
521,Northern Intermediate Tax-Exempt Fund
522,Short-Term Income Fund
523,BlackRock GNMA Portfolio
524,PIMCO California Municipal Bond Fund
525,Fidelity Total Emerging Markets Fund
526,BlackRock Total Factor Fund
527,PIMCO All Asset Fund
528,Strategic Bond Fund
529,Rational Special Situations Income Fund
530,Delaware Total Return Fund
531,Goldman Sachs Access U.S. Aggregate Bond ETF
532,JOHNSON MUNICIPAL INCOME FUND
533,Guggenheim Strategic Opportunities Fund
534,Government & High Quality Bond Fund
535,OAKHURST FIXED INCOME FUND
536,Empower Core Bond Fund
537,Avantis Core Fixed Income ETF
538,SA JPMorgan Diversified Balanced Portfolio
539,PIMCO Real Return Portfolio
540,iShares iBonds Dec 2032 Term Corporate ETF
541,Goldman Sachs Absolute Return Tracker Fund
542,VOYA GLOBAL BOND PORTFOLIO
543,Ashmore Emerging Markets Total Return Fund
544,Fidelity Michigan Municipal Income Fund
545,iShares U.S. Intermediate Government Bond Index Fund
546,Western Asset Massachusetts Municipals Fund
547,PSF PGIM Total Return Bond Portfolio
548,iShares U.S. Long Government Bond Index Fund
549,PRAXIS IMPACT BOND FUND
550,BlackRock Core Bond Portfolio
551,Fidelity Real Estate High Income Fund
552,Fidelity Investment Grade Bond Central Fund
553,DoubleLine Income Solutions Fund
554,PIMCO StocksPLUS Long Duration Fund
555,Government & High Quality Bond Account
556,Popular High Grade Fixed Income Fund Inc.
557,Credit Suisse Managed Futures Strategy Fund
558,AAM Insight Select Income Fund
559,BlackRock Total Return V.I. Fund
560,Western Asset Municipal Partners Fund Inc.
561,Old Westbury California Municipal Bond Fund
562,iShares U.S. Intermediate Credit Bond Index Fund
563,Bridge Builder Municipal Bond Fund
564,DoubleLine Total Return Bond Fund
565,Western Asset High Yield Fund
566,Fidelity Inflation-Protected Bond Index Fund
567,iShares TIPS Bond ETF
568,AST J.P. Morgan Global Thematic Portfolio
569,Fidelity Massachusetts Municipal Income Fund
570,Deer Park Total Return Credit Fund
571,BBH Income Fund
572,JOHNSON INSTITUTIONAL CORE BOND FUND
573,ProShares Investment Grade-Interest Rate Hedged
574,NVIT Bond Index Fund
575,River Canyon Total Return Bond Fund
576,PIMCO Preferred and Capital Securities Fund
577,BlackRock Municipal 2030 Target Term Trust
578,EQ/Invesco Moderate Growth Allocation Portfolio
579,U.S. Total Bond Index Master Portfolio
580,Thompson Bond Fund
581,California Municipal Fund
582,JPMorgan High Yield Municipal Fund
583,Fidelity SAI High Income Fund
584,Apollo Diversified Credit Fund
585,Western Asset Mortgage Total Return Fund
586,Diversified Bond Fund
587,Fidelity SAI Total Bond Fund
588,Putnam Premier Income Trust
589,SPIRIT OF AMERICA INCOME FUND
590,Western Asset Intermediate-Term Municipals Fund
591,Northern Fixed Income Fund
592,Payden Core Bond Fund
593,MassMutual Total Return Bond Fund
594,GMO Emerging Country Debt Fund
595,PIMCO Moderate Duration Portfolio
596,PIMCO High Yield Municipal Bond Fund
597,Hawaiian Tax-Free Trust
598,RiverNorth Opportunistic Municipal Income Fund Inc.
599,Aquila Tax-Free Trust of Oregon
600,Guggenheim Municipal Income Fund
601,BlackRock Long-Term Municipal Advantage Trust
602,Touchstone Funds Group Trust-Touchstone Ares Credit Opportunities Fund
603,PIMCO Investment Grade Corporate Bond Index Exchange-Traded Fund
604,Empower Bond Index Fund
605,JPMorgan High Yield Research Enhanced ETF
606,JPMorgan Mortgage-Backed Securities Fund
607,Touchstone ETF Trust-Touchstone Strategic Income Opportunities ETF
608,Western Asset Global High Income Fund Inc.
609,Guggenheim Total Return Bond Fund
610,Holbrook Income Fund
611,Carillon Reams Unconstrained Bond Fund
612,Western Asset High Income Fund II Inc.
613,Putnam Tax Free High Yield Fund
614,SIMT Multi-Asset Inflation Managed Fund
615,JPMorgan Tax Free Bond Fund
616,Fidelity Ohio Municipal Income Fund
617,Oklahoma Municipal Fund
618,PGIM Emerging Markets Debt Hard Currency Fund
619,JPMorgan Total Return Fund
620,Fidelity Total Bond K6 Fund
621,AQR Macro Opportunities Fund
622,Western Asset Inflation-Linked Opportunities & Income Fund
623,Multimanager Core Bond Portfolio
624,PIMCO Mortgage and Short-Term Investments Portfolio
625,Delaware Ivy VIP Corporate Bond
626,ON BlackRock Balanced Allocation Portfolio
627,IQ MacKay Municipal Insured ETF
628,Credit Series
629,PGIM Short Duration High Yield Income Fund
630,Columbia Variable Portfolio - Long Government/Credit Bond Fund
631,Western Asset SMASh Series TF Fund
632,Guggenheim Core Bond Fund
633,EQ/Core Bond Index Portfolio
634,BlackRock U.S. Mortgage Portfolio
635,PIMCO Moderate Duration Fund
636,Clearwater Tax-Exempt Bond Fund
637,BlackRock Dynamic High Income Portfolio
638,Blackstone Alternative Multi-Strategy Fund
639,MML Total Return Bond Fund
640,Fidelity High Yield Factor ETF
641,Fidelity Long-Term Treasury Bond Index Fund
642,Putnam Dynamic Asset Allocation Growth Fund
643,Strategic Advisers Municipal Bond Fund
644,PIMCO Inflation Protected Bond Portfolio
645,Goldman Sachs High Yield Fund
646,Fidelity Specialized High Income Central Fund
647,DoubleLine Long Duration Total Return Bond Fund
648,Fidelity New Jersey Municipal Income Fund
649,Schwab U.S. Aggregate Bond ETF
650,Opportunistic Municipal Fund
651,Putnam New York Tax Exempt Income Fund
652,Delaware Ivy Government Securities Fund
653,Optimum Fixed Income Fund
654,DoubleLine Infrastructure Income Fund
655,Western Asset High Yield Defined Opportunity Fund Inc.
656,VOYA INTERMEDIATE BOND PORTFOLIO
657,Global Multi-Strategy Fund
658,PIMCO California Intermediate Municipal Bond Fund
659,Strategic Advisers Fidelity Core Income Fund
660,Fidelity Advisor Floating Rate High Income Fund
661,Empower Multi-Sector Bond Fund
662,Putnam Managed Municipal Income Trust
663,Nationwide Multi-Cap Portfolio
664,BlackRock California Municipal Income Trust
665,Goldman Sachs High Yield Municipal Fund
666,iShares Agency Bond ETF
667,JAMES BALANCED: GOLDEN RAINBOW FUND
668,PGIM Balanced Fund
669,Payden Corporate Bond Fund
670,Fidelity Intermediate Treasury Bond Index Fund
671,Eventide Multi-Asset Income Fund
672,Baird Core Intermediate Municipal Bond Fund
673,BlackRock Municipal Income Trust
674,"BlackRock MuniYield Quality Fund, Inc."
675,Xtrackers USD High Yield Corporate Bond ETF
676,Pro-Blend Moderate Term Series
677,Fidelity Inflation-Protected Bond Index Central Fund
678,Hawaii Municipal Fund
679,iShares Core 10+ Year USD Bond ETF
680,YORKTOWN MULTI-SECTOR BOND FUND
681,Baird Short-Term Bond Fund
682,PGIM Core Bond Fund
683,AMG GW&K Municipal Enhanced Yield Fund
684,BlackRock Multi-Asset Income Portfolio
685,BNY Mellon Core Bond ETF
686,Federated Hermes Ultrashort Bond Fund
687,PIMCO Low Duration Fund
688,PSF PGIM 50/50 Balanced Portfolio
689,JPMorgan Core Bond Fund
690,"BlackRock Investment Quality Municipal Trust, Inc."
691,JPMorgan Municipal ETF
692,Bond Market Index Fund
693,PIMCO High Yield and Short-Term Investments Portfolio
694,PIMCO Long-Term Credit Bond Fund
695,Dodge & Cox Balanced Fund
696,Sterling Capital West Virginia Intermediate Tax-Free Fund
697,PIMCO Active Bond Exchange-Traded Fund
698,Delaware Ivy Corporate Bond Fund
699,AST PGIM Fixed Income Central Portfolio
700,"PGIM High Yield Bond Fund, Inc."
701,Government Long Bond 1.2x Strategy Fund
702,RiverNorth Managed Duration Muni Income Fund Inc.
703,BlackRock 2037 Municipal Target Term Trust
704,PIMCO California Municipal Opportunistic Value Fund
705,Goldman Sachs Tactical Tilt Overlay Fund
706,Western Asset Core Plus VIT Portfolio
707,Putnam VT George Putnam Balanced Fund
708,Columbia Total Return Bond Fund
709,Transamerica JPMorgan Tactical Allocation VP
710,MassMutual High Yield Fund
711,DGI BALANCED FUND
712,JPMorgan California Tax Free Bond Fund
713,Pioneer Strategic Income Fund
714,iShares J.P. Morgan EM High Yield Bond ETF
715,PIMCO ABS and Short-Term Investments Portfolio
716,Aquila Churchill Tax-Free Fund of Kentucky
717,UPAR Ultra Risk Parity ETF
718,SIIT MULTI-ASSET REAL RETURN FUND
719,Fixed Income SHares: Series M
720,Sit Tax-Free Income Fund
721,PIMCO Municipal Portfolio
722,Payden Global Fixed Income Fund
723,Six Circles Credit Opportunities Fund
724,Fidelity Advisor Mortgage Securities Fund
725,iShares Core Total USD Bond Market ETF
726,Six Circles Tax Aware Bond Fund
727,PGIM Government Income Fund
728,Strategic Alternatives Fund
729,JPMorgan Insurance Trust Core Bond Portfolio
730,JPMorgan Income Fund
731,PIMCO High Yield Portfolio
732,BlackRock Impact Mortgage Fund
733,"BlackRock MuniYield Fund, Inc."
734,iShares J.P. Morgan USD Emerging Markets Bond ETF
