SERIES_NAME,INTRST_RATE_CHANGE_30YR_DV01
MML Inflation-Protected and Income Fund,27396.21
VOYA EMERGING MARKETS HARD CURRENCY DEBT FUND,39189.0
Nuveen Connecticut Municipal Bond Fund,36469.96
PIMCO All Asset Fund,827502.358256
Fidelity Series International Developed Markets Bond Index Fund,125030.40336
EQ/Core Plus Bond Portfolio,31788.3
AST Academic Strategies Asset Allocation Portfolio,241106.87147
ON BlackRock Balanced Allocation Portfolio,28580.05752184249
Dodge & Cox Global Bond Fund,23848.99
PIMCO Total Return Fund IV,29642.023558
Allspring Income Opportunities Fund,10390.96244870506
Fidelity Series International Developed Markets Bond Index Fund,64803.5437112
PIMCO International Bond Fund (Unhedged),10429.933161
Stone Ridge Alternative Lending Risk Premium Fund,13892.6
Fidelity GNMA Fund,89401.03230169
Fidelity SAI Tax-Free Bond Fund,373678.56743736
BrandywineGLOBAL - Global Unconstrained Bond Fund,19595.78749948
FlexShares ESG & Climate Investment Grade Corporate Core Index Fund,10775.0
T. Rowe Price Dynamic Global Bond Fund,249218.119602
PIMCO International Bond Fund (Unhedged),14055.084062
Payden Absolute Return Bond Fund,54527.31374
PIMCO International Bond Fund (U.S. Dollar-Hedged),282179.232539
Series E (Total Return Bond Series),35387.4778052
Delaware Ivy Securian Core Bond Fund,142918.54496
Nationwide Inflation-Protected Securities Fund,68083.106892
Managed Fixed Income Portfolio,90779.16877235302
JPMorgan USD Emerging Markets Sovereign Bond ETF,18619.7673
Nuveen Municipal High Income Opportunity Fund,691329.95
Principal Investment Grade Corporate Active ETF,179240.16
Rational Special Situations Income Fund,21921.702213
Sit Tax-Free Income Fund,115967.12227
JPMorgan Intermediate Tax Free Bond Fund,106154.2205
JPMorgan Core Bond Trust,439620.12025
BlackRock Strategic Income Opportunities Portfolio,10093.64
iShares Aaa - A Rated Corporate Bond ETF,370362.76
AST J.P. Morgan Global Thematic Portfolio,203853.51089
BlackRock Total Return V.I. Fund,186436.11
JPMorgan Strategic Income Opportunities Fund,53661.62189
PIMCO International Bond Fund (U.S. Dollar-Hedged),125948.545873
VANGUARD INTERMEDIATE-TERM TREASURY FUND,18917.30468954
abrdn Global Absolute Return Strategies Fund,16608.17
AST Bond Portfolio 2032,11674.22538
Northern U.S. Treasury Index Fund,21962.32527408214
VP Balanced Fund,27816.0
First Trust Institutional Preferred Securities and Income ETF,17404.180985310442
Stone Harbor Local Markets Fund,21698.784386
VOYA SECURITIZED CREDIT FUND,58868.0
Nuveen Virginia Municipal Bond Fund,71772.38
Delaware Minnesota High-Yield Municipal Bond Fund,23121.34044
Delaware Corporate Bond Fund,279342.10146
PIMCO RAE PLUS Fund,18808.823793
High-Yield Municipal Fund,157002.0
Western Asset Intermediate-Term Municipals Fund,32425.48
Angel Oak Multi-Strategy Income Fund,811828.42
BlackRock High Yield Bond Portfolio,278277.93
"BlackRock Municipal Income Fund, Inc.",456842.31
Western Asset SMASh Series C Fund,173767.57
Stone Harbor Local Markets Fund,50990.566968
iShares Municipal Bond Index Fund,49367.29
Aspiriant Risk-Managed Municipal Bond Fund,13927.511095
BlackRock GNMA Portfolio,58804.15
Nuveen Louisiana Municipal Bond Fund,31226.2
Global Opportunities Portfolio,13292.15
High Yield Fund,18393.8749
Aquila Tax-Free Trust of Arizona,11150.09502
EQ/Core Plus Bond Portfolio,31815.57
BBH Income Fund,75653.0
Optimum Fixed Income Fund,409072.58992
BlackRock Core Bond Trust,411199.85
Bridge Builder Municipal Bond Fund,272815.17246
Great-West Bond Index Fund,391297.2048724828
MassMutual Core Bond Fund,264123.74
Transamerica JPMorgan Asset Allocation - Conservative VP,36213.43
Fidelity Arizona Municipal Income Fund,10735.61876
Opportunistic Municipal Fund,61408.7102
The Hartford World Bond Fund,91028.27
PIMCO Global Advantage Strategy Bond Fund,13632.507928
Fidelity Total Emerging Markets Fund,25566.4790559
Stone Harbor Emerging Markets Income Fund,44110.569022
Nuveen Enhanced Municipal Value Fund,129181.29
Great-West Core Strategies: Flexible Bond Fund,194412.31125291367
MML Dynamic Bond Fund,63551.97
Fidelity Series Investment Grade Securitized Fund,32352.96724035
PGIM Global Total Return Fund,186395.30043
Delaware VIP Investment Grade Series,11992.20525
PGIM Balanced Fund,88202.6081
PIMCO International Bond Fund (U.S. Dollar-Hedged),39036.505426
Investment Grade Corporate Bond Portfolio,79328.10158541412
Nuveen Maryland Municipal Bond Fund,30073.79
Stone Harbor Emerging Markets Total Income Fund,12149.324178
1290 Diversified Bond Fund,112442.62
iShares Agency Bond ETF,20392.65
BlackRock Multi-Sector Opportunities Trust,14270.21
Vertical Capital Income Fund,23809.255779
Fidelity Series International Developed Markets Bond Index Fund,180028.2165488
iShares International Treasury Bond ETF,13266.13
Diversified Real Asset Fund,94012.6037
PIMCO 15+ Year U.S. TIPS Index Exchange-Traded Fund,887905.267574
Carillon Reams Core Bond Fund,113136.43
iShares Government/Credit Bond ETF,127064.09
Schwab Tax-Free Bond Fund,22927.79
Six Circles Global Bond Fund,53482.974858
T. Rowe Price Dynamic Global Bond Fund,62512.777369
Baird Core Intermediate Municipal Bond Fund,89938.87
"BlackRock Income Trust, Inc.",24685.12
Stone Harbor Emerging Markets Total Income Fund,652689.070118
AST Multi-Sector Fixed Income Portfolio,7194574.74902
Western Asset Macro Opportunities Fund,13132.27
PIMCO Long-Term U.S. Government Portfolio,359988.452774
PIA MBS Bond Fund,23161.32
JPMorgan U.S. Aggregate Bond ETF,216915.50203
AST Balanced Asset Allocation Portfolio,568407.56854
,25979.107173
RiverNorth Managed Duration Muni Income Fund Inc.,15327.299623
Goldman Sachs Municipal Income Completion Fund,19585.02
BlackRock U.S. Government Bond V.I. Fund,11702.46
"BlackRock MuniVest Fund II, Inc.",234936.39
DoubleLine Core Fixed Income Fund,1817126.0
Goldman Sachs Strategic Income Fund,34498.92
Blackstone Alternative Multi-Strategy Fund,70028.79
Fidelity Total Bond ETF,548417.56
Wilshire Income Opportunities Fund,32313.42
AAM Insight Select Income Fund,62848.44375304325
PIMCO Diversified Income Fund,235194.69116
iShares J.P. Morgan EM Corporate Bond ETF,24081.24
EQ/PIMCO Global Real Return Portfolio,15168.97
PIMCO Extended Duration Fund,1379514.619698
PIMCO Emerging Markets Local Currency and Bond Fund,11312.619093
Delaware Tax-Free New York Fund,28722.9139
Six Circles Global Bond Fund,161219.223432
PIMCO Long-Term U.S. Government Fund,501465.453818
Calamos Convertible and High Income Fund,15597.331001777771
PIMCO Total Return ESG Fund,199731.309104
Fidelity U.S. Bond Index Fund,12423946.4029758
Nuveen Michigan Municipal Bond Fund,39006.96
BlackRock High Yield Muni Income Bond ETF,14540.53
Pro-Blend Extended Term Series,38833.34733
AST Global Bond Portfolio,40764.87554
Fidelity Series Bond Index Fund,4316304.35801167
Short-Term Income Fund,18507.1996
SIMT Multi-Asset Inflation Managed Fund,377529.10500936
Global Atlantic Goldman Sachs Core Fixed Income Portfolio,14328.14174
Fidelity Series Emerging Markets Debt Local Currency Fund,2678570.79
First Trust Long Duration Opportunities ETF,20387.35477
BlackRock Multi-Sector Income Trust,12861.61
Nuveen California Select Tax-Free Income Portfolio,15371.84
"BlackRock MuniHoldings New Jersey Quality Fund, Inc.",293318.58
AST AllianzGI World Trends Portfolio,265152.41638
Old Westbury Municipal Bond Fund,25214.10267
Multi-Asset Growth Strategy Fund,83751.77
Delaware Tax-Free Minnesota Fund,50321.07175
BlackRock High Yield V.I. Fund,10954.04
NT Diversified Bond Fund,846965.0
California High-Yield Municipal Fund,329431.0
"Nuveen Municipal Income Fund, Inc.",28240.09
IQ MacKay ESG Core Plus Bond ETF,20196.80074
PPM Core Plus Fixed Income Fund,13569.94505
VOYA BALANCED PORTFOLIO,19367.0
Baird Aggregate Bond Fund,9380061.32
AMG GW&K Municipal Enhanced Yield Fund,107201.09146
PIMCO Real Return Portfolio,19731.440627
Fidelity Series Government Bond Index Fund,158434.8352018
JPMorgan Global Bond Opportunities Fund,137049.9161
BlackRock New York Municipal Income Trust,251296.32
Guggenheim Core Bond Fund,311660.15455437
First Trust Preferred Securities and Income ETF,179540.81864006005
EQ/Core Plus Bond Portfolio,138405.6
Touchstone Funds Group Trust-Touchstone Active Bond Fund,35120.91371173879
"BlackRock Enhanced Government Fund, Inc.",10514.3
Pro-Blend Moderate Term Series,20040.72542
PIMCO Inflation Response Multi-Asset Fund,275128.87148
PGIM Active Aggregate Bond ETF,10932.497454
BlackRock High Yield Municipal Fund,977762.9
BlackRock Taxable Municipal Bond Trust,768188.51
Fidelity Series Corporate Bond Fund,110526.10803997
Bond Market Index Fund,287616.3445
PIMCO Mortgage Opportunities and Bond Fund,224458.65065
JPMorgan Global Allocation Fund,40065.06561
Delaware Ivy VIP Balanced,14107.67317
Goldman Sachs Core Fixed Income Fund,293882.17
Western Asset Investment Grade Defined Opportunity Trust Inc.,27160.25
AST Western Asset Emerging Markets Debt Portfolio,24972.44686
Ashmore Emerging Markets Total Return Fund,145307.42056056703
Northern Fixed Income Fund,136760.6021531738
Fidelity Advisor Mortgage Securities Fund,76894.54123627
Nuveen Ohio Quality Municipal Income Fund,52277.52
BrandywineGLOBAL - Flexible Bond Fund,18159.76529956
Government & High Quality Bond Fund,79898.7911
Managed Bond Portfolio,72411.68
Multi-Manager Total Return Bond Strategies Fund,20706.710276
Payden GNMA Fund,32241.43192
VIP Strategic Income Portfolio,166345.79051766
Schwab U.S. Aggregate Bond ETF,1493660.78
Six Circles Global Bond Fund,116790.144011
WesMark Government Bond Fund,11158.520316
AMG GW&K Core Bond ESG Fund,24852.0118
American Beacon AHL Managed Futures Strategy Fund,67310.63
PIMCO International Bond Fund (Unhedged),28293.910022
Balanced Fund,68847.0
JPMorgan Core Plus Bond ETF,54895.84405
EQ/Core Plus Bond Portfolio,21956.3
Fidelity Series Emerging Markets Debt Local Currency Fund,132926.425525
iShares 25+ Year Treasury STRIPS Bond ETF,875235.44
Stone Ridge Alternative Lending Risk Premium Fund,13892.6
Global Bond Fund,22216.0
Goldman Sachs Global Core Fixed Income Fund,38504.46
MassMutual Select T. Rowe Price Bond Asset Fund,87150.11
Western Asset Macro Opportunities Fund,24137.92
AQR Managed Futures Strategy Fund,36515.58983965
FlexShares Credit-Scored US Long Corporate Bond Index Fund,33361.0
Goldman Sachs Emerging Markets Debt Fund,240008.33
Metropolitan West Low Duration Bond Fund,11233.03721
iShares Core U.S. Aggregate Bond ETF,21392072.13
JPMorgan Diversified Fund,26813.58059
Fidelity Strategic Real Return Fund,32664.07110555
Western Asset Total Return ETF,15936.42
Federated Hermes Government Ultrashort Fund,14274.69149
Morningstar Global Income Fund,10698.860256429227
EQ/Quality Bond PLUS Portfolio,79561.97
ProShares S&P 500 Bond ETF,11485.717489
IQ MacKay Municipal Insured ETF,78723.52764
Payden High Income Fund,25983.92984
PSF PGIM Government Income Portfolio,40010.38563
Axonic Strategic Income Fund,11545.577906
PIMCO International Bond Portfolio (U.S. Dollar-Hedged),25690.923126
T. Rowe Price Dynamic Global Bond Fund,446608.132401
Core Bond Series,52169.5909
Nuveen North Carolina Municipal Bond Fund,77187.15
Bridge Builder Core Plus Bond Fund,6571743.096502
Destra Flaherty & Crumrine Preferred Dividend and Income Fund,59836.77706679564
Nuveen Intermediate Duration Quality Municipal Term Fund,13968.62
Northern Bond Index Fund,573048.3884225845
Braddock Multi-Strategy Income Fund,20349.941120938463
NVIT Government Bond Fund,58872.269854
Nuveen California Quality Municipal Income Fund,569541.96
PIMCO Investment Grade Credit Bond Portfolio,80794.931506
iShares International Treasury Bond ETF,38685.4
Goldman Sachs Investment Grade Credit Fund,168618.34
BlackRock Strategic Income Opportunities Portfolio,1890696.75
Delaware Ivy Municipal High Income Fund,329913.69154
PIMCO REALPATH Blend Income Fund,24682.616342
Goldman Sachs Dynamic Municipal Income Fund,474746.21
Delaware Ivy Municipal Bond Fund,168241.8626
Fidelity Mortgage Backed Securities Central Fund,131068.39365157
"BlackRock MuniYield Fund, Inc.",493173.65
MML Managed Bond Fund,247722.69
Putnam Dynamic Asset Allocation Conservative Fund,90272.57
Strategic Advisers Core Income Fund,3196432.06894467
BrandywineGLOBAL - Global Opportunities Bond Fund,245127.73511033
Delaware Diversified Income Fund,426171.27704
Fidelity Corporate Bond ETF,68273.2
Touchstone Strategic Trust-Touchstone Strategic Income Opportunities Fund,34611.91000286625
Stone Harbor Emerging Markets Income Fund,720614.016708
iShares International Treasury Bond ETF,149966.34
PIMCO International Bond Portfolio (U.S. Dollar-Hedged),50133.521002
Sterling Capital Total Return Bond Fund,228730.26155
PIMCO High Yield Fund,18748.24682
Delaware Tax-Free California Fund,29119.02277
BATS Series C,149349.61
Emerging Markets Bond Portfolio,10072.52324660132
PGIM Strategic Bond Fund,132050.00841
DoubleLine Global Bond Fund,12155.0
Global Bond Fund,115830.0
JPMorgan Global Allocation Fund,55003.52515
AST Preservation Asset Allocation Portfolio,18568.60502
Diversified Bond Fund,360224.0
PIMCO RealEstateRealReturn Strategy Fund,27610.221632
,34630.528524
Schwab California Tax-Free Bond Fund,17289.55
Variable Portfolio - Managed Volatility Growth Fund,12333.993316
Guggenheim Macro Opportunities Fund,203656.31335481
iShares Broad USD Investment Grade Corporate Bond ETF,1986938.54
AST Global Bond Portfolio,17689.5888
Six Circles Global Bond Fund,221050.487908
VP Inflation Protection Fund,149982.0
SA BlackRock VCP Global Multi Asset Portfolio,14747.12
PGIM Global Total Return Fund,325302.02061
First Trust/Dow Jones Dividend & Income Allocation Portfolio,107398.28874
Ashmore Emerging Markets Corporate Income Fund,21774.391871799045
iShares 10+ Year Investment Grade Corporate Bond ETF,1710757.78
Nuveen AMT-Free Municipal Value Fund,57620.74
Stone Harbor Emerging Markets Debt Fund,312361.140997
Fidelity Series International Developed Markets Bond Index Fund,329780.398324
Nuveen Arizona Municipal Bond Fund,22433.03
Nuveen New York Municipal Bond Fund,199207.63
Core Bond Portfolio,1291481.7829988014
Government Securities Fund,233366.21389379844
MassMutual High Yield Fund,10612.23
Short Duration Portfolio,51975.08
BATS Series E,169662.02
EQ/Core Plus Bond Portfolio,62563.15
Calamos Dynamic Convertible & Income Fund,10493.850937365858
AST Global Bond Portfolio,15683.1581
Metropolitan West High Yield Bond Fund,16494.18956
Angel Oak Strategic Credit Fund,16697.85
BrandywineGLOBAL - Global Opportunities Bond Fund,54593.88140418
BlackRock Municipal Income Trust,450785.11
Tax-Exempt Bond Fund,170206.7105
Fidelity SAI U.S. Treasury Bond Index Fund,3018566.8246178
Xtrackers Municipal Infrastructure Revenue Bond ETF,40060.42813
Fidelity International Credit Central Fund,17564.00802977
John Hancock GA Mortgage Trust,176569.98
Fidelity Total Bond K6 Fund,414572.52813069
AQR Managed Futures Strategy Fund,11953.41850134
First Trust TCW Opportunistic Fixed Income ETF,850601.32101
JOHNSON FIXED INCOME FUND,156958.51
Dunham Corporate/Government Bond Fund,16385.470822
Columbia Total Return Bond Fund,13285.242296
MEDIUM-DURATION BOND FUND,22415.79493837203
PIMCO Inflation Protected Bond Portfolio,100982.17
BlackRock Low Duration Bond Portfolio,47701.59
"BlackRock Corporate High Yield Fund, Inc.",22872.78
Baird Core Plus Bond Fund,5856503.14
Global Atlantic Franklin Dividend and Income Managed Risk Portfolio,10606.54251
PIMCO International Bond Fund (U.S. Dollar-Hedged),450272.775107
Great-West U.S. Government Securities Fund,98331.27240526816
VANGUARD INTERMEDIATE-TERM CORPORATE BOND INDEX FUND,20980.40030095
JPMorgan High Yield Research Enhanced ETF,24540.56226
Western Asset Intermediate Bond Fund,34597.04
Fidelity Maryland Municipal Income Fund,14117.232611
"BlackRock MuniYield Michigan Quality Fund, Inc.",182632.44
iShares Investment Grade Bond Factor ETF,40349.89
BNY Mellon Core Bond ETF,50158.84249
Delaware Tax-Free Arizona Fund,16083.0402
Nuveen All-American Municipal Bond Fund,2689371.14
BlackRock U.S. Government Bond Portfolio,10642.1
VOYA GLOBAL BOND FUND,14296.0
BlackRock National Municipal Fund,3426067.71
AlphaCentric Income Opportunities Fund,53012.806212
Finisterre Emerging Markets Total Return Bond Fund,143184.4407
Guggenheim Strategic Opportunities Fund,126235.26796716
,32054.01299
AST Preservation Asset Allocation Portfolio,34715.28617
Leadershares Dynamic Yield ETF,10294.604758
iShares Broad USD High Yield Corporate Bond ETF,29814.28
PGIM Global Total Return Fund,78005.53301
Nuveen Virginia Quality Municipal Income Fund,50054.77
U.S. Total Bond Index Master Portfolio,4113636.92
BlackRock Balanced Capital Portfolio,29478.86
Eventide Core Bond Fund,21520.057734
Payden Low Duration Fund,48316.41623
Pacific Funds Strategic Income,14673.04777
Morningstar Total Return Bond Fund,236146.8771338525
BlackRock California Municipal Opportunities Fund,569816.5
Delaware Ivy VIP Asset Strategy,23885.43155
Nuveen Quality Municipal Income Fund,1047258.31
AST Preservation Asset Allocation Portfolio,27660.93625
MassMutual Select T. Rowe Price Bond Asset Fund,14968.92
Baird Quality Intermediate Municipal Bond Fund,34096.7
VIP Investment Grade Bond Portfolio,1231521.84994562
Nuveen Colorado Municipal Bond Fund,53133.46
Global Bond Fund,16857.0
PIMCO CommodityRealReturn Strategy Fund,68427.860114
iShares International Treasury Bond ETF,107450.81
Municipal Total Return Managed Accounts Portfolio,213667.58
RiverNorth/DoubleLine Strategic Income Fund,243239.970224
Columbia Variable Portfolio - Intermediate Bond Fund,16176.56069
ALPS | Smith Total Return Bond Fund,345743.868585
Stone Harbor Local Markets Fund,19854.790293
PIMCO Active Bond Exchange-Traded Fund,334999.196967
BlackRock California Municipal Income Trust,272408.67
Northern Core Bond Fund,41669.83374069565
VANGUARD INTERMEDIATE-TERM INVESTMENT-GRADE FUND,12768.38243996
PIMCO Preferred and Capital Securities Fund,35599.613607
MassMutual Inflation-Protected and Income Fund,30934.89
Delaware Investments National Municipal Income Fund,83504.54843
Western Asset SMASh Series Core Plus Completion Fund,28540.37
BlackRock Dynamic High Income Portfolio,17790.76
PRAXIS IMPACT BOND FUND,115644.290483
Northern Intermediate Tax-Exempt Fund,191012.28082065505
Nuveen Minnesota Quality Municipal Income Fund,15514.18
,64848.49606
Putnam California Tax Exempt Income Fund,91600.71
SPIRIT OF AMERICA INCOME FUND,10936.235436
PGIM Core Bond Fund,257281.97588
Easterly Income Opportunity Fund,24969.077058
,84109.339972
Nuveen Missouri Municipal Bond Fund,69700.41
Fidelity Municipal Income Fund,594726.86728332
Pacer Trendpilot US Bond ETF,40973.57
Payden Emerging Markets Bond Fund,358729.4187
WESTWOOD HIGH INCOME FUND,10329.812286
BlackRock U.S. Mortgage Portfolio,38234.66
Fidelity Strategic Dividend and Income Fund,24719.2701048
"PGIM High Yield Bond Fund, Inc.",11326.5433
Stone Harbor Local Markets Fund,142716.623939
BlackRock Income Fund,218377.7
Payden Strategic Income Fund,17022.28267
Delaware Ivy VIP Corporate Bond,157983.28625
AMG GW&K ESG Bond Fund,116309.73876
RiverNorth Flexible Municipal Income Fund II Inc.,13960.493296
Metropolitan West Total Return Bond Fund,12727271.86297
JPMorgan Short Duration Core Plus Fund,11235.22831
AST Preservation Asset Allocation Portfolio,530493.18738
Dunham Long/Short Credit Fund,20034.008678
Fidelity Series International Developed Markets Bond Index Fund,34436.3119529
PIMCO All Asset: Multi-Real Fund,657469.386955
Western Asset Managed Municipals Fund Inc.,12681.33
EQ/Core Plus Bond Portfolio,63150.34
Stone Harbor Emerging Markets Income Fund,13204.762958
River Canyon Total Return Bond Fund,16733.288845429808
Allspring Managed Account CoreBuilder Shares - Series M,14895.70193521658
Payden Corporate Bond Fund,160871.1504
Intermediate-Term Tax-Free Bond Fund,136549.0
Loomis Sayles Strategic Alpha Fund,20522.7
Ultra-Short Duration Portfolio,35716.4
Navigator Tactical Fixed Income Fund,10869.872863
VOYA GLOBAL BOND PORTFOLIO,12847.0
iShares California Muni Bond ETF,209786.89
Goldman Sachs Global Core Fixed Income Fund,24935.18
ON Bond Portfolio,58310.93549207075
Nuveen California Municipal Value Fund,57455.49
JPMorgan Corporate Bond Research Enhanced ETF,16726.60255
Western Asset New York Municipals Fund,10040.95
PIMCO Global Bond Opportunities Fund (U.S. Dollar-Hedged),19173.092539
PIMCO All Asset All Authority Fund,316442.669929
Nuveen Municipal Credit Income Fund,774229.24
Northern High Yield Municipal Fund,220338.8527517392
BrandywineGLOBAL - Global Unconstrained Bond Fund,16476.05359888
NVIT Amundi Multi Sector Bond Fund,10564.254977
,23905.57995
Variable Portfolio - Moderate Portfolio,19061.503057
EQ/PIMCO Total Return ESG Portfolio,61735.64
Fidelity Series International Developed Markets Bond Index Fund,22739.6833421
First Trust Low Duration Opportunities ETF,176293.75453
Goldman Sachs Access Investment Grade Corporate Bond ETF,213867.34
Goldman Sachs Access U.S. Aggregate Bond ETF,39471.35
Fidelity Series 5+ Year Inflation-Protected Bond Index Fund,3397107.42638655
Nuveen Wisconsin Municipal Bond Fund,27419.98
BlackRock Inflation Protected Bond Portfolio,1151429.91
Fidelity Series Emerging Markets Debt Local Currency Fund,115740.973325
Nuveen Arizona Quality Municipal Income Fund,23766.74
1290 VT DoubleLine Opportunistic Bond Portfolio,203135.23
NVIT BNY Mellon Core Plus Bond Fund,610838.028821
UPAR Ultra Risk Parity ETF,22485.34
RiverNorth/DoubleLine Strategic Opportunity Fund Inc.,43288.71804
VANGUARD CORE BOND FUND,10352.122568
Thompson Bond Fund,76399.99
Western Asset Inflation Indexed Plus Bond Fund,20685.44
California Municipal Fund,158337.9178
Fidelity Capital and Income Fund,87683.37647346
PGIM Absolute Return Bond Fund,20803.60394
PIMCO Real Return Fund,2644713.319513
Western Asset Municipal High Income Fund,17299.35
Bridge Builder Core Plus Bond Fund,10335.428752
Western Asset Core Plus Bond Fund,3673524.28
iShares International Treasury Bond ETF,10319.79
AST Capital Growth Asset Allocation Portfolio,19763.995
Pioneer Multi-Asset Ultrashort Income Fund,47560.26
Delaware Extended Duration Bond Fund,340839.73851
AMG GW&K Municipal Bond Fund,12408.38493
Fidelity Inflation-Protected Bond Index Fund,2590941.6673689
PIMCO Long Duration Total Return Fund,1797203.636451
Fidelity Series Emerging Markets Debt Local Currency Fund,281394.0622
VOYA STRATEGIC INCOME OPPORTUNITIES FUND,23457.0
Global Macro Absolute Return Advantage Portfolio,34299.04
Six Circles Global Bond Fund,450306.016279
Managed Bond Portfolio,108750.42
PGIM Emerging Markets Debt Hard Currency Fund,27787.70456
ProShares Investment Grade-Interest Rate Hedged,468013.688478
Nuveen Kansas Municipal Bond Fund,22955.6
AST Core Fixed Income Portfolio,1299103.69189
Fidelity Series Long-Term Treasury Bond Index Fund,18445961.2557893
Core Plus Bond Fund,713223.4741344196
JPMorgan Insurance Trust Core Bond Portfolio,99201.65339
PIMCO REALPATH Blend 2030 Fund,31127.746107
American Beacon AHL Managed Futures Strategy Fund,51769.9
BlackRock New Jersey Municipal Bond Fund,61612.73
iShares USD Green Bond ETF,36104.32
Nuveen Minnesota Municipal Bond Fund,70838.25
NORTHEAST INVESTORS TRUST,11381.7
Government Long Bond 1.2x Strategy Fund,136125.98994038
Core Fixed Income Fund,2649575.5121
Sit Minnesota Tax-Free Income Fund,154532.1465
Fidelity Tax-Free Bond Fund,597038.72397249
"BlackRock MuniAssets Fund, Inc.",366073.42
iShares Fallen Angels USD Bond ETF,97242.79
AlphaSimplex Managed Futures Strategy Fund,74467.05
NVIT Short Term Bond Fund,25249.256514
Fidelity Long-Term Treasury Bond Index Fund,4998528.03441522
Nuveen Ohio Municipal Bond Fund,58577.78
iShares U.S. Treasury Bond ETF,4461330.69
Putnam Dynamic Asset Allocation Balanced Fund,122814.65
PGIM Short Duration Multi-Sector Bond Fund,22301.55292
"BlackRock MuniHoldings Fund, Inc.",589590.22
Global Bond Fund,22265.0
BlackRock New York Municipal Opportunities Fund,297946.39
Nuveen Pennsylvania Quality Municipal Income Fund,117901.13
PGIM Global Total Return Fund,167033.44613
Bond Market Index Account,879436.5955
Six Circles Global Bond Fund,584061.220196
Global Opportunities Portfolio,20972.68
iShares BBB Rated Corporate Bond ETF,23107.22
Core Plus Fund,98826.0
DoubleLine Long Duration Total Return Bond Fund,61575.0
Nuveen Kentucky Municipal Bond Fund,33131.45
Putnam VT George Putnam Balanced Fund,15295.93
iShares GNMA Bond ETF,46261.45
GuideMark Core Fixed Income Fund,75522.46
1919 Socially Responsive Balanced Fund,12321.77
iShares Core Total USD Bond Market ETF,3433775.32
Goldman Sachs U.S. Mortgages Fund,13069.71
American Century Diversified Municipal Bond ETF,14841.0
Nuveen Limited Term Municipal Bond Fund,74854.48
iShares International Treasury Bond ETF,16389.93
Delaware National High-Yield Municipal Bond Fund,551533.55139
iShares Core 10+ Year USD Bond ETF,310670.73
PIMCO Global Managed Asset Allocation Portfolio,13984.662598
PGIM Global Total Return Fund,26766.83118
,80186.199
PGIM Total Return Bond ETF,11074.252259
MassMutual Select T. Rowe Price Emerging Markets Bond Fund,28211.93
Nuveen California Municipal Bond Fund,446068.23
North Square McKee Bond Fund,12449.58
Amplify BlackSwan Growth & Treasury Core ETF,210772.91
Fidelity Massachusetts Municipal Income Fund,270105.2228825
VANGUARD SHORT-TERM INVESTMENT-GRADE FUND,115143.49673624
Goldman Sachs Global Core Fixed Income Fund,15097.2
Core Plus Bond Account,67078.5201
Delaware Ivy Balanced Fund,132994.90438
Transamerica PIMCO Total Return VP,109675.32
JPMorgan Income Builder Fund,93507.06734
EQ/PIMCO Real Return Portfolio,21128.87
Payden Emerging Markets Bond Fund,12932.89367
Great-West High Yield Bond Fund,10068.392794728456
Six Circles Global Bond Fund,11701.297412
Strategic Allocation: Conservative Fund,17002.0
First Trust Managed Municipal ETF,189806.42494001624
SBH COLORADO TAX FREE FUND,13125.105694
AB HIGH INCOME FUND INC,29145.02
AST T. Rowe Price Asset Allocation Portfolio,1163182.50223
Bridge Builder Core Bond Fund,3563976.67644
Global Bond Fund,61826.0
Dodge & Cox Global Bond Fund,67409.82
Fixed Income SHares: Series R,103729.559777
EQ/Core Plus Bond Portfolio,11623.37
Flaherty & Crumrine Preferred and Income Securities Fund Incorporated,34546.0
PIMCO International Bond Fund (U.S. Dollar-Hedged),111946.711073
AST Balanced Asset Allocation Portfolio,24557.802
Fidelity Series International Developed Markets Bond Index Fund,819356.2424156
Strategic Advisers Fidelity Core Income Fund,2823043.33620877
High Income Fund,10453.0
Putnam Dynamic Asset Allocation Growth Fund,58523.62
EQ/Core Plus Bond Portfolio,31018.52
Payden Emerging Markets Bond Fund,11233.24761
BlackRock Capital Allocation Trust,39023.92
Fidelity New York Municipal Income Fund,277904.247343
PIMCO 25+ Year Zero Coupon U.S. Treasury Index Exchange-Traded Fund,949266.407951
Diversified Bond Portfolio,35448.35
CITY NATIONAL ROCHDALE FIXED INCOME OPPORTUNITIES FUND,30604.23943877
ON Risk Managed Balanced Portfolio,22301.205725296033
Spectrum Preferred and Capital Securities Income Fund,36445.6
PIA BBB Bond Fund,75531.4
BATS Series A,33865.23
DoubleLine Income Solutions Fund,220250.0
First Trust Municipal High Income ETF,106625.34150380731
Finisterre Emerging Markets Total Return Bond Fund,16506.0502
Multi-Strategy Income Fund,27613.75
PGIM Global Total Return Fund,20208.54445
Fidelity California Municipal Income Fund,184717.93468528
Goldman Sachs Bond Fund,73975.92
Multimanager Core Bond Portfolio,207179.25
Western Asset Managed Municipals Fund,63633.44
Fidelity Series International Developed Markets Bond Index Fund,57992.0668639
Fidelity SAI Total Bond Fund,4173985.91959944
Vident Core U.S. Bond Strategy ETF,62518.41
JOHNSON INSTITUTIONAL CORE BOND FUND,116354.08
"BlackRock MuniYield Quality Fund II, Inc.",161529.14
Advent Convertible and Income Fund,10272.89489281
Goldman Sachs Short Duration Tax-Free Fund,29271.58
Advantage CoreAlpha Bond Master Portfolio,380594.42
Carillon Reams Core Plus Bond Fund,299263.43
First Trust TCW Securitized Plus ETF,20941.16698
Western Asset Inflation-Linked Opportunities & Income Fund,144518.43
Great-West Multi-Sector Bond Fund,39593.402209110856
BlackRock Multi-Asset Income Portfolio,386199.82
Nuveen Taxable Municipal Income Fund,617633.27
Fidelity Investment Grade Bond Fund,2185196.92539921
1290 Diversified Bond Fund,24630.73
BlackRock MuniYield Pennsylvania Quality Fund,86518.77
iShares National Muni Bond ETF,2082975.24
PIMCO International Bond Fund (U.S. Dollar-Hedged),26648.501764
Nuveen Nebraska Municipal Bond Fund,17053.42
Colorado BondShares A Tax Exempt Fund,396329.38250894967
Goldman Sachs Managed Futures Strategy Fund,65348.88
Nuveen Georgia Municipal Bond Fund,28725.49
Strategic Advisers Municipal Bond Fund,395943.79284371
VOYA U.S. BOND INDEX PORTFOLIO,617974.0
First Trust/Aberdeen Global Opportunity Income Fund,11543.79362
Clearwater Tax-Exempt Bond Fund,245319.58772445784
Osterweis Total Return Fund,46116.18
PSF PGIM Flexible Managed Portfolio,221721.85233
Pacific Funds Core Income,149662.60458
JPMorgan Global Allocation Fund,45225.07088
Bridge Builder Core Plus Bond Fund,24279.036547
Fidelity Flex U.S. Bond Index Fund,275041.45149092
VOYA GLOBAL BOND FUND,23605.0
PSF PGIM 50/50 Balanced Portfolio,155351.35064
NVIT DoubleLine Total Return Tactical Fund,24048.046177
AlphaSimplex Managed Futures Strategy Fund,98204.85
BlackRock Managed Income Fund,50123.75
PF Inflation Managed Fund,10527.85905
Guggenheim Taxable Municipal Bond & Investment Grade Debt Trust,161310.82947037
AST J.P. Morgan Tactical Preservation Portfolio,475863.82068
Schwab U.S. Aggregate Bond Index Fund,961971.9
PIMCO StocksPLUS Long Duration Fund,620518.43562
Inflation Protection Fund,528439.4972
Western Asset Investment Grade Income Fund Inc.,18359.67
Carillon Reams Unconstrained Bond Fund,40476.69
Nuveen High Yield Municipal Bond Fund,9872146.06
iShares 10-20 Year Treasury Bond ETF,2123253.52
Master Total Return Portfolio,4755528.98
iShares J.P. Morgan USD Emerging Markets Bond ETF,3421039.3
Timothy Plan Fixed Income Fund,13596.654547
Ginnie Mae Fund,47007.0
"BlackRock MuniHoldings California Quality Fund, Inc.",836963.09
PMC Core Fixed Income Fund,128688.45
BlackRock Credit Allocation Income Trust,385530.67
VIP Investment Grade Central Fund,559942.53552022
EQ/Core Plus Bond Portfolio,190054.47
Global Atlantic Wellington Research Managed Risk Portfolio,26897.50026
DoubleLine Yield Opportunities Fund,47507.0
PGIM High Yield Fund,380464.45454
Delaware Tax-Free Idaho Fund,23699.59251
iShares International Treasury Bond ETF,13777.41
KKR Credit Opportunities Portfolio,467911.59
Western Asset Core Bond Fund,1961006.44
Fidelity Series International Developed Markets Bond Index Fund,130335.6048805
Strategic Allocation: Moderate Fund,24348.0
PIMCO U.S. Government and Short-Term Investments Portfolio,934440.406137
PIMCO StocksPLUS International Fund (U.S. Dollar-Hedged),31596.706779
PIMCO EM Bond and Short-Term Investments Portfolio,23650.158902
High Yield Municipal Bond Fund,25307.932675967117
Six Circles Global Bond Fund,12055.679161
Strategic Advisers Income Opportunities Fund,30680.8366289
EQ/PIMCO Global Real Return Portfolio,74626.54
Nationwide Bond Index Fund,47996.217815
Fidelity Series Emerging Markets Debt Local Currency Fund,29055.23958
Global Bond Fund,92140.43213275688
Stone Harbor Local Markets Fund,29519.489916
Muzinich Credit Opportunities Fund,56246.97
Fidelity Total Bond Fund,7390360.7285532
Federated Hermes Ultrashort Bond Fund,10305.818285
Pro-Blend Conservative Term Series,17260.06881
Western Asset Corporate Bond Fund,196406.82
BlackRock Sustainable Total Return Fund,10243.79
PIMCO International Bond Fund (U.S. Dollar-Hedged),93141.661775
Nuveen Massachusetts Municipal Bond Fund,64906.78
,124387.310383
MML Total Return Bond Fund,104348.57
Northern High Yield Fixed Income Fund,13954.993795550747
JPMorgan Global Allocation Fund,15813.65846
BlackRock Pennsylvania Municipal Bond Fund,123361.33
Brown Advisory Tax-Exempt Bond Fund,34515.66
"BlackRock Investment Quality Municipal Trust, Inc.",138405.86
PIMCO REALPATH Blend 2025 Fund,28624.511803
Western Asset Mortgage Opportunity Fund Inc.,34581.15
Guggenheim Total Return Bond Fund,5686003.37956161
JPMorgan SmartRetirement Blend 2025 Fund,52966.22208
Fidelity Series Emerging Markets Debt Local Currency Fund,80081.073025
PGIM Government Income Fund,89386.83574
Fidelity Series Investment Grade Bond Fund,9084413.36933712
PIMCO International Bond Portfolio (U.S. Dollar-Hedged),14162.698553
PIMCO Real Return Portfolio,413423.925774
PIMCO International Bond Fund (Unhedged),10623.231625
Northern California Tax-Exempt Fund,24186.82330321715
Fidelity Municipal Bond Index Fund,15315.55746947
PIMCO Emerging Markets Local Currency and Bond Fund,20749.725218
PIMCO Investment Grade Credit Bond Fund,1786289.155506
Fidelity Government Income Fund,764416.13750151
Mairs and Power Balanced Fund,23687.41
Delaware Tax-Free USA Fund,277571.29206
JPMorgan Core Plus Bond Fund,3312909.11999
PIMCO New York Municipal Bond Fund,18633.22507
California Intermediate-Term Tax-Free Bond Fund,47775.0
Fidelity Intermediate Municipal Income Fund,312237.03314718
PIMCO Real Return Fund,16899.839821
Emerging Markets Debt Fund,26409.0
WESTWOOD INCOME OPPORTUNITY FUND,91129.075808
PIMCO Total Return Portfolio,522947.501005
SBH PLUS BOND FUND,141040.446938
Steward Select Bond Fund,13205.737525544017
Transamerica PIMCO Total Return VP,42720.69
INV CORP BOND,177640.392514
Brown Advisory Mortgage Securities Fund,88666.28
Index Asset Allocation Fund,147843.89641668266
Nationwide Loomis Core Bond Fund,144924.970239
Domini Impact Bond Fund,61226.19315337817
VOYA INTERMEDIATE BOND FUND,1798664.0
First Trust Intermediate Duration Preferred & Income Fund,54535.90967510637
JNL/PIMCO Income Fund,72903.50484753484
YORKTOWN MULTI-SECTOR BOND FUND,27775.937166
Morningstar Alternatives Fund,15037.218414916604
BlackRock Core Bond Portfolio,943449.75
Finisterre Emerging Markets Total Return Bond Fund,21803.0967
Finisterre Emerging Markets Total Return Bond Fund,20572.0374
MEDIUM-DURATION BOND FUND,638650.6812582221
EQ/Core Plus Bond Portfolio,11408.43
iShares iBoxx $ Investment Grade Corporate Bond ETF,14198440.47
BlackRock Systematic Multi-Strategy Fund,494717.56
VANGUARD SHORT-TERM INVESTMENT-GRADE FUND,37417.34973963
AST Capital Growth Asset Allocation Portfolio,427182.6984
EQ/Core Plus Bond Portfolio,141946.99
Eaton Vance Emerging Markets Debt Opportunities Fund,19942.08
Fidelity New Markets Income Fund,845328.06396366
Schwab Long-Term U.S. Treasury ETF,80774.85
Managed Bond Portfolio,15305.62
PSF PGIM Total Return Bond Portfolio,257660.34109
Multi-Manager Emerging Markets Debt Opportunity Fund,19353.45389400632
PGIM TIPS Fund,18640.2101
iShares ESG Aware USD Corporate Bond ETF,304074.12
PIMCO Total Return Fund,5867219.721086
iShares 20+ Year Treasury Bond ETF,26001112.31
Fixed Income SHares: Series M,55118.258796
DIAMOND HILL SHORT DURATION SECURITIZED BOND,12816.47
